[
	{
		"id": "1",
		"companyName": "Tromp Group",
		"ownerName": "Obrien Golden",
		"countryId": "1"
	},
	{
		"id": "2",
		"companyName": "Lehner and Sons",
		"ownerName": "Barber Lindsey",
		"countryId": "2"
	},
	{
		"id": "3",
		"companyName": "Greenfelder Group",
		"ownerName": "Dean Howe",
		"countryId": "1"
	},
	{
		"id": "4",
		"companyName": "Harber LLC",
		"ownerName": "Letha Dunn",
		"countryId": "2"
	},
	{
		"id": "5",
		"companyName": "Donnelly Inc",
		"ownerName": "Twila Velazquez",
		"countryId": "2"
	}
]