[
	{
		"name": "Powers Boone",
		"age": 28,
		"isActive": false,
		"balance": 3332,
		"eyeColor": "brown",
		"gender": "male",
		"registered": "2020-01-21",
		"companyId": "3"
	},
	{
		"name": "Rodgers Hartman",
		"age": 40,
		"isActive": true,
		"balance": 3585,
		"eyeColor": "green",
		"gender": "male",
		"registered": "2019-09-26",
		"companyId": "5"
	},
	{
		"name": "Wright Wheeler",
		"age": 22,
		"isActive": false,
		"balance": 2282,
		"eyeColor": "blue",
		"gender": "male",
		"registered": "2018-07-14",
		"companyId": "5"
	},
	{
		"name": "Santos Valdez",
		"age": 22,
		"isActive": false,
		"balance": 1403,
		"eyeColor": "brown",
		"gender": "male",
		"registered": "2019-02-15",
		"companyId": 3
	},
	{
		"name": "Vasquez Monroe",
		"age": 22,
		"isActive": false,
		"balance": 1622,
		"eyeColor": "green",
		"gender": "male",
		"registered": "2015-05-15",
		"companyId": "4"
	},
	{
		"name": "Adrienne Harding",
		"age": 22,
		"isActive": true,
		"balance": 1887,
		"eyeColor": "blue",
		"gender": "female",
		"registered": "2018-04-04",
		"companyId": "2"
	},
	{
		"name": "Candy Wilkerson",
		"age": 33,
		"isActive": false,
		"balance": 3489,
		"eyeColor": "green",
		"gender": "female",
		"registered": "2021-10-30",
		"companyId": "1"
	},
	{
		"name": "Dominique Golden",
		"age": 34,
		"isActive": false,
		"balance": 3386,
		"eyeColor": "green",
		"gender": "female",
		"registered": "2018-10-10",
		"companyId": "4"
	},
	{
		"name": "Jennings Whitney",
		"age": 28,
		"isActive": false,
		"balance": 3541,
		"eyeColor": "blue",
		"gender": "male",
		"registered": "2017-12-12",
		"companyId": "1"
	},
	{
		"name": "Kathrine Hendricks",
		"age": 40,
		"isActive": true,
		"balance": 3941,
		"eyeColor": "brown",
		"gender": "female",
		"registered": "2020-05-14",
		"companyId": "5"
	},
	{
		"name": "Kirkland Patton",
		"age": 39,
		"isActive": true,
		"balance": 2519,
		"eyeColor": "brown",
		"gender": "male",
		"registered": "2017-05-14",
		"companyId": "1"
	},
	{
		"name": "Haley Kemp",
		"age": 32,
		"isActive": false,
		"balance": 3827,
		"eyeColor": "brown",
		"gender": "male",
		"registered": "2021-10-06",
		"companyId": "3"
	},
	{
		"name": "Claire Shepherd",
		"age": 31,
		"isActive": true,
		"balance": 1279,
		"eyeColor": "green",
		"gender": "female",
		"registered": "2014-05-10",
		"companyId": "3"
	},
	{
		"name": "Gaines Joseph",
		"age": 40,
		"isActive": true,
		"balance": 2273,
		"eyeColor": "brown",
		"gender": "male",
		"registered": "2020-05-19",
		"companyId": "3"
	},
	{
		"name": "Hoffman Hancock",
		"age": 38,
		"isActive": false,
		"balance": 1385,
		"eyeColor": "blue",
		"gender": "male",
		"registered": "2020-06-15",
		"companyId": "4"
	},
	{
		"name": "Marcie Figueroa",
		"age": 29,
		"isActive": false,
		"balance": 1653,
		"eyeColor": "green",
		"gender": "female",
		"registered": "2018-10-09",
		"companyId": "2"
	},
	{
		"name": "Cara Morse",
		"age": 34,
		"isActive": true,
		"balance": 1298,
		"eyeColor": "brown",
		"gender": "female",
		"registered": "2018-07-10",
		"companyId": "1"
	},
	{
		"name": "Allison Calhoun",
		"age": 28,
		"isActive": false,
		"balance": 3315,
		"eyeColor": "blue",
		"gender": "female",
		"registered": "2019-02-07",
		"companyId": "4"
	},
	{
		"name": "Alta Mullins",
		"age": 26,
		"isActive": false,
		"balance": 2806,
		"eyeColor": "brown",
		"gender": "female",
		"registered": "2014-12-10",
		"companyId": "3"
	},
	{
		"name": "Steele Baird",
		"age": 31,
		"isActive": false,
		"balance": 2196,
		"eyeColor": "brown",
		"gender": "male",
		"registered": "2018-11-10",
		"companyId": "3"
	},
	{
		"name": "Francine Mcmahon",
		"age": 27,
		"isActive": false,
		"balance": 1527,
		"eyeColor": "blue",
		"gender": "female",
		"registered": "2017-07-23",
		"companyId": "4"
	},
	{
		"name": "Chang Clayton",
		"age": 34,
		"isActive": true,
		"balance": 3754,
		"eyeColor": "green",
		"gender": "male",
		"registered": "2014-08-02",
		"companyId": "3"
	},
	{
		"name": "Harris Jarvis",
		"age": 33,
		"isActive": false,
		"balance": 1534,
		"eyeColor": "green",
		"gender": "male",
		"registered": "2019-05-05",
		"companyId": "3"
	},
	{
		"name": "Lizzie Chase",
		"age": 31,
		"isActive": true,
		"balance": 2508,
		"eyeColor": "green",
		"gender": "female",
		"registered": "2018-11-03",
		"companyId": "1"
	},
	{
		"name": "Frankie Odom",
		"age": 22,
		"isActive": true,
		"balance": 1331,
		"eyeColor": "blue",
		"gender": "female",
		"registered": "2017-08-06",
		"companyId": "1"
	}
]